{
	"format_version": "1.8.0",
	"animations": {
		"fly": {
			"loop": true,
			"animation_length": 0.45833,
			"bones": {
				"bone3": {
					"position": {
						"0.0": {
							"vector": [0, 0, 0]
						},
						"0.2083": {
							"vector": [0, 1, 0]
						},
						"0.4583": {
							"vector": [0, 0, 0]
						}
					}
				},
				"wing": {
					"rotation": {
						"0.0": {
							"vector": [19.60866, -4.66389, 77.03566]
						},
						"0.2083": {
							"vector": [-8.48224, -9.10145, -44.88492]
						},
						"0.4167": {
							"vector": [19.60866, -4.66389, 77.03566]
						}
					}
				},
				"bone7": {
					"rotation": {
						"0.0": {
							"vector": [-7.5, 0, 0]
						},
						"0.2083": {
							"vector": [0, 0, 0]
						},
						"0.4167": {
							"vector": [-7.5, 0, 0]
						}
					}
				},
				"bone4": {
					"rotation": {
						"vector": [52.5, 0, 0]
					}
				},
				"bone5": {
					"rotation": {
						"vector": [52.5, 0, 0]
					}
				},
				"wing2": {
					"rotation": {
						"0.0": {
							"vector": [19.60866, 4.66389, -77.03566]
						},
						"0.2083": {
							"vector": [-8.48224, 9.10145, 44.88492]
						},
						"0.4167": {
							"vector": [19.60866, 4.66389, -77.03566]
						}
					}
				}
			}
		}
	}
}