{
	"format_version": "1.8.0",
	"animations": {
		"openmouth": {
			"loop": "hold_on_last_frame",
			"animation_length": 0.79167,
			"bones": {
				"bone8": {
					"rotation": {
						"0.0": {
							"vector": [-15, 0, 0]
						},
						"0.1667": {
							"vector": [-15, 0, 0]
						}
					}
				},
				"bone10": {
					"rotation": {
						"0.0": {
							"vector": [-7.5, 0, 0]
						},
						"0.1667": {
							"vector": [-7.5, 0, 0]
						},
						"0.3333": {
							"vector": [-25, 0, 0]
						},
						"0.7917": {
							"vector": [-25, 0, 0]
						}
					},
					"position": {
						"vector": [0, -1, 0]
					}
				},
				"bone9": {
					"rotation": {
						"0.0": {
							"vector": [0, 0, 0]
						},
						"0.1667": {
							"vector": [0, 0, 0]
						},
						"0.3333": {
							"vector": [0, 0, 0]
						},
						"0.7917": {
							"vector": [0, 0, 0]
						}
					},
					"position": {
						"0.3333": {
							"vector": [0, 1, 1]
						},
						"0.7917": {
							"vector": [0, 0.2, 1]
						}
					},
					"scale": {
						"0.0": {
							"vector": [1, 1, 1]
						},
						"0.1667": {
							"vector": [1, 1, 1]
						},
						"0.3333": {
							"vector": [1.5, 2.1, 1.3]
						},
						"0.7917": {
							"vector": [1.5, 1.6, 1.3]
						}
					}
				}
			}
		},
		"fly": {
			"loop": true,
			"animation_length": 1,
			"bones": {
				"bone": {
					"position": {
						"0.0": {
							"vector": [0, -1, 0]
						},
						"0.5": {
							"vector": [0, 2, 0]
						},
						"1.0": {
							"vector": [0, -1, 0]
						}
					}
				},
				"wing1": {
					"rotation": {
						"0.0": {
							"vector": [56.52698, 43.5439, -89.24005]
						},
						"0.5": {
							"vector": [-32.03441, 39.26469, 72.25658]
						},
						"1.0": {
							"vector": [56.52698, 43.5439, -89.24005]
						}
					}
				},
				"wing2": {
					"rotation": {
						"0.0": {
							"vector": [51.76462, -41.92898, 73.38957]
						},
						"0.5": {
							"vector": [-30.0148, -29.55847, -75.1383]
						},
						"1.0": {
							"vector": [51.76462, -41.92898, 73.38957]
						}
					}
				}
			}
		}
	}
}