{
	"format_version": "1.8.0",
	"animations": {
		"fly": {
			"loop": true,
			"animation_length": 0.75,
			"bones": {
				"bone13": {
					"position": {
						"0.0": {
							"vector": [0, -2, 0]
						},
						"0.3333": {
							"vector": [0, 0, 0]
						},
						"0.75": {
							"vector": [0, -2, 0]
						}
					}
				},
				"bone3": {
					"rotation": {
						"0.0": {
							"vector": [2.5, 0, 0]
						},
						"0.3333": {
							"vector": [0, 0, 0]
						},
						"0.7083": {
							"vector": [2.5, 0, 0]
						}
					},
					"position": {
						"vector": [0, 0, 0.4]
					}
				},
				"wing": {
					"rotation": {
						"0.0": {
							"vector": [5.86781, -7.32123, -77.39557]
						},
						"0.3333": {
							"vector": [4.92184, 7.04533, 69.84126]
						},
						"0.7083": {
							"vector": [5.86781, -7.32123, -77.39557]
						}
					}
				},
				"bone10": {
					"rotation": {
						"0.0": {
							"vector": [-2.5, 0, 0]
						},
						"0.3333": {
							"vector": [10, 0, 0]
						},
						"0.7083": {
							"vector": [-2.5, 0, 0]
						}
					}
				},
				"bone14": {
					"position": {
						"0.0": {
							"vector": [0, -2, 0]
						},
						"0.3333": {
							"vector": [0, 0, 0]
						},
						"0.75": {
							"vector": [0, -2, 0]
						}
					}
				},
				"bone11": {
					"rotation": {
						"0.0": {
							"vector": [-5, 0, 0]
						},
						"0.3333": {
							"vector": [5, 0, 0]
						},
						"0.75": {
							"vector": [-5, 0, 0]
						}
					}
				},
				"bone7": {
					"rotation": {
						"vector": [-5, 0, 0]
					}
				},
				"bone12": {
					"rotation": {
						"0.0": {
							"vector": [-5, 0, 0]
						},
						"0.3333": {
							"vector": [5, 0, 0]
						},
						"0.75": {
							"vector": [-5, 0, 0]
						}
					}
				},
				"wing2": {
					"rotation": {
						"0.0": {
							"vector": [5.86781, 7.32123, 77.39557]
						},
						"0.3333": {
							"vector": [4.92184, -7.04533, -69.84126]
						},
						"0.7083": {
							"vector": [5.86781, 7.32123, 77.39557]
						}
					}
				}
			}
		}
	}
}