{
	"format_version": "1.8.0",
	"animations": {
		"fly": {
			"loop": true,
			"animation_length": 0.5,
			"bones": {
				"bone": {
					"position": {
						"0.0": {
							"vector": [0, 0, 0]
						},
						"0.25": {
							"vector": [0, 2, 0]
						},
						"0.5": {
							"vector": [0, 0, 0]
						}
					}
				},
				"wing": {
					"rotation": {
						"0.0": {
							"vector": [38.96463, 13.47067, -84.47901]
						},
						"0.25": {
							"vector": [-19.95215, 30.50387, 69.1776]
						},
						"0.5": {
							"vector": [38.96463, 13.47067, -84.47901]
						}
					}
				},
				"wing2": {
					"rotation": {
						"0.0": {
							"vector": [38.96463, -13.47067, 84.47901]
						},
						"0.25": {
							"vector": [-19.95215, -30.50387, -69.1776]
						},
						"0.5": {
							"vector": [38.96463, -13.47067, 84.47901]
						}
					}
				},
				"bone9": {
					"rotation": {
						"0.0": {
							"vector": [2.5, 0, 0]
						},
						"0.25": {
							"vector": [-2.5, 0, 0]
						},
						"0.5": {
							"vector": [2.5, 0, 0]
						}
					}
				},
				"bone3": {
					"rotation": {
						"0.0": {
							"vector": [-10, 0, 0]
						},
						"0.25": {
							"vector": [0, 0, 0]
						},
						"0.5": {
							"vector": [-10, 0, 0]
						}
					}
				},
				"bone4": {
					"rotation": {
						"0.0": {
							"vector": [-10, 0, 0]
						},
						"0.25": {
							"vector": [0, 0, 0]
						},
						"0.5": {
							"vector": [-10, 0, 0]
						}
					}
				},
				"bone10": {
					"rotation": {
						"0.0": {
							"vector": [-10, 0, 0]
						},
						"0.25": {
							"vector": [-7.5, 0, 0]
						},
						"0.5": {
							"vector": [-10, 0, 0]
						}
					}
				}
			}
		}
	}
}