{
	"format_version": "1.8.0",
	"animations": {
		"fly": {
			"loop": true,
			"animation_length": 0.5,
			"bones": {
				"bone": {
					"position": {
						"0.0": {
							"vector": [0, 0, 0]
						},
						"0.25": {
							"vector": [0, 3, 0]
						},
						"0.5": {
							"vector": [0, 0, 0]
						}
					}
				},
				"wing": {
					"rotation": {
						"0.0": {
							"vector": [39.88212, 30.34105, -44.6347]
						},
						"0.125": {
							"vector": [-39.13617, 4.59512, 63.08499]
						},
						"0.25": {
							"vector": [-72.96159, 42.0456, 103.87546]
						},
						"0.5": {
							"vector": [39.88212, 30.34105, -44.6347]
						}
					}
				},
				"wing2": {
					"rotation": {
						"0.0": {
							"vector": [33.79605, -39.89473, 42.70433]
						},
						"0.125": {
							"vector": [-45.72653, -9.62142, -66.86182]
						},
						"0.25": {
							"vector": [-79.05537, -40.29204, -101.05426]
						},
						"0.5": {
							"vector": [33.79605, -39.89473, 42.70433]
						}
					}
				}
			}
		},
		"dive": {
			"animation_length": 0.41667,
			"bones": {
				"bone": {
					"rotation": {
						"vector": [85, 0, 0]
					},
					"position": {
						"vector": [0, 11, 0]
					}
				},
				"wing": {
					"rotation": {
						"vector": [50, 0, 0]
					}
				},
				"wing2": {
					"rotation": {
						"vector": [47.5, 0, 0]
					}
				}
			}
		}
	},
	"geckolib_format_version": 2
}