{
	"format_version": "1.8.0",
	"animations": {
		"fly": {
			"loop": true,
			"animation_length": 0.375,
			"bones": {
				"bone3": {
					"position": {
						"0.0": {
							"vector": [0, 0, 0]
						},
						"0.1667": {
							"vector": [0, 2, 0]
						},
						"0.3333": {
							"vector": [0, 0, 0]
						}
					}
				},
				"bone": {
					"rotation": {
						"0.0": {
							"vector": [24.82266, 17.72973, -62.25664]
						},
						"0.1667": {
							"vector": [-27.5812, 12.19939, 62.19233]
						},
						"0.3333": {
							"vector": [24.82266, 17.72973, -62.25664]
						}
					}
				},
				"bone8": {
					"rotation": {
						"0.0": {
							"vector": [0, 0, 0]
						},
						"0.1667": {
							"vector": [-10, 0, 0]
						},
						"0.3333": {
							"vector": [0, 0, 0]
						}
					}
				},
				"bone11": {
					"rotation": {
						"0.0": {
							"vector": [18.2186, -13.65432, 61.09461]
						},
						"0.1667": {
							"vector": [-21.23119, -9.24303, -62.70551]
						},
						"0.3333": {
							"vector": [18.2186, -13.65432, 61.09461]
						}
					}
				}
			}
		}
	}
}