{
	"format_version": "1.8.0",
	"animations": {
		"fly": {
			"loop": true,
			"animation_length": 0.66667,
			"bones": {
				"bone": {
					"position": {
						"0.0": {
							"vector": [0, 2, 0]
						},
						"0.3333": {
							"vector": [0, 5, 0]
						},
						"0.6667": {
							"vector": [0, 2, 0]
						}
					}
				},
				"wing": {
					"rotation": {
						"0.0": {
							"vector": [53.29823, 14.12021, -76.37295]
						},
						"0.3333": {
							"vector": [-19.32445, 36.42367, 88.36364]
						},
						"0.6667": {
							"vector": [53.29823, 14.12021, -76.37295]
						}
					},
					"position": {
						"0.0": {
							"vector": [0, 0, -3]
						},
						"0.3333": {
							"vector": [0, 0, -2]
						},
						"0.6667": {
							"vector": [0, 0, -3]
						}
					}
				},
				"bone4": {
					"rotation": {
						"vector": [35, 0, 0]
					}
				},
				"bone5": {
					"rotation": {
						"vector": [35, 0, 0]
					}
				},
				"wing2": {
					"rotation": {
						"0.0": {
							"vector": [61.38872, -18.10896, 80.87452]
						},
						"0.3333": {
							"vector": [-16.27591, -38.32473, -78.57616]
						},
						"0.6667": {
							"vector": [61.38872, -18.10896, 80.87452]
						}
					},
					"position": {
						"vector": [0, 0, -2]
					}
				}
			}
		},
		"attack": {
			"loop": true,
			"animation_length": 0.375,
			"bones": {
				"bone": {
					"rotation": {
						"vector": [-17.5, 0, 0]
					},
					"position": {
						"0.0": {
							"vector": [0, 2, 0]
						},
						"0.1667": {
							"vector": [0, 5, 0]
						},
						"0.3333": {
							"vector": [0, 2, 0]
						}
					}
				},
				"wing": {
					"rotation": {
						"0.0": {
							"vector": [53.29823, 14.12021, -76.37295]
						},
						"0.1667": {
							"vector": [-19.32445, 36.42367, 88.36364]
						},
						"0.3333": {
							"vector": [53.29823, 14.12021, -76.37295]
						}
					},
					"position": {
						"0.0": {
							"vector": [0, 0, -3]
						},
						"0.1667": {
							"vector": [0, 0, -2]
						},
						"0.3333": {
							"vector": [0, 0, -3]
						}
					}
				},
				"bone4": {
					"rotation": {
						"0.0": {
							"vector": [-62.5, 0, 0]
						},
						"0.1667": {
							"vector": [-55, 0, 0]
						},
						"0.3333": {
							"vector": [-62.5, 0, 0]
						}
					}
				},
				"bone5": {
					"rotation": {
						"0.0": {
							"vector": [-62.5, 0, 0]
						},
						"0.1667": {
							"vector": [-52.5, 0, 0]
						},
						"0.3333": {
							"vector": [-62.5, 0, 0]
						}
					}
				},
				"wing2": {
					"rotation": {
						"0.0": {
							"vector": [61.38872, -18.10896, 80.87452]
						},
						"0.1667": {
							"vector": [-16.27591, -38.32473, -78.57616]
						},
						"0.3333": {
							"vector": [61.38872, -18.10896, 80.87452]
						}
					},
					"position": {
						"vector": [0, 0, -2]
					}
				},
				"bone6": {
					"rotation": {
						"vector": [17.5, 0, 0]
					}
				}
			}
		}
	}
}