{
	"format_version": "1.8.0",
	"animations": {
		"fly": {
			"loop": true,
			"animation_length": 0.29167,
			"bones": {
				"bone": {
					"position": {
						"0.0": {
							"vector": [0, 0, 0]
						},
						"0.125": {
							"vector": [0, 2, 0]
						},
						"0.25": {
							"vector": [0, 0, 0]
						}
					}
				},
				"wing": {
					"rotation": {
						"0.0": {
							"vector": [7.36926, -12.95254, -59.13252]
						},
						"0.125": {
							"vector": [7.36926, 12.95254, 59.13252]
						},
						"0.25": {
							"vector": [7.36926, -12.95254, -59.13252]
						}
					}
				},
				"bone6": {
					"rotation": {
						"vector": [85, 0, 0]
					}
				},
				"bone7": {
					"rotation": {
						"vector": [85, 0, 0]
					}
				},
				"wing2": {
					"rotation": {
						"0.0": {
							"vector": [7.36926, 12.95254, 59.13252]
						},
						"0.125": {
							"vector": [7.36926, -12.95254, -59.13252]
						},
						"0.25": {
							"vector": [7.36926, 12.95254, 59.13252]
						}
					}
				}
			}
		}
	}
}